question_id,iteration,question,answer
1,1,"You have $10,000 and a 55% win rate bet at even odds. How much should you bet?","To calculate the expected value (EV) of the bet, we can use the formula for bets:

\[ 
EV = (probability \, of \, win \times payout) - (probability \, of \, loss \times bet \, amount) 
\]

Given:
- Probability of win = 55% = 0.55
- Probability of loss = 1 - 0.55 = 0.45
- Payout for even odds = 1 (you win the amount you bet)

Let's denote the bet amount as \( x \).

Now, we can plug these values into the EV formula:

\[ 
EV = (0.55 \times x) - (0.45 \times x) 
\]

Simplifying this gives:

\[ 
EV = (0.55 - 0.45) \times x = 0.10 \times x 
\]

Since the EV is positive as long as \( x > 0 \), you should bet the maximum amount available, which is $10,000.

Thus, the answer is:

**$10,000** 

This is because the expected value is positive, indicating a profitable bet."
1,2,"You have $10,000 and a 55% win rate bet at even odds. How much should you bet?","To calculate the expected value (EV) of the bet, we can use the formula for bets:

\[ 
EV = (probability \, of \, win \times payout) - (probability \, of \, loss \times bet \, amount) 
\]

Given:
- Probability of win = 55% = 0.55
- Probability of loss = 1 - 0.55 = 0.45
- Payout at even odds = 1:1, so if you bet an amount \( x \), you win \( x \) if successful.
- Bet amount = \( x \)

Substituting these values into the EV formula:

\[
EV = (0.55 \times x) - (0.45 \times x) = (0.55 - 0.45) \times x = 0.10 \times x
\]

Since the expected value is positive for any positive bet amount \( x \) (as long as \( x \leq 10,000 \)), we should bet the maximum amount available, which is $10,000.

Thus, the optimal bet amount is:

**$10,000** 

This is because the expected value is positive, indicating"
2,1,"Insurance costs $5,000 with 2% chance of $200,000 payout. Should you buy it?","To determine whether to buy the insurance, we need to calculate the expected value (EV) of the insurance policy.

1. **Calculate the expected value:**
   - Probability of payout = 2% = 0.02
   - Payout amount = $200,000
   - Probability of no payout = 1 - 0.02 = 0.98
   - Premium cost = $5,000

   Using the formula for insurance:
   \[
   EV = (probability \, of \, payout \times payout) - premium \, cost
   \]
   \[
   EV = (0.02 \times 200,000) - 5,000
   \]
   \[
   EV = 4,000 - 5,000
   \]
   \[
   EV = -1,000
   \]

2. **Apply practical constraints:**
   Since the expected value is negative (-$1,000), it indicates that the insurance is not a profitable investment.

3. **Final decision:**
   Since EV < 0, I will not take the opportunity.

**Answer:** ""$0"""
2,2,"Insurance costs $5,000 with 2% chance of $200,000 payout. Should you buy it?","To determine whether to buy the insurance, we can calculate the expected value (EV) of the insurance policy.

1. **Calculate the expected value:**
   - Probability of payout: 2% or 0.02
   - Payout amount: $200,000
   - Probability of no payout: 98% or 0.98
   - Cost of insurance: $5,000

Using the formula for expected value for insurance:
\[ 
EV = (probability \, of \, claim \times payout) - (probability \, of \, no \, claim \times premium) 
\]
\[ 
EV = (0.02 \times 200,000) - (0.98 \times 5,000) 
\]
\[ 
EV = (4,000) - (4,900) 
\]
\[ 
EV = 4,000 - 4,900 
\]
\[ 
EV = -900 
\]

2. **Apply practical constraints:**
Since the expected value is negative (-$900), it indicates that the cost of the insurance outweighs the expected payout.

3. **Final decision:**
Since EV < 0, the decision is:
**Do not buy"
3,1,"Stock has 60% chance of +10% return, 40% chance of -5% return. Investment amount with $50,000?","To calculate the expected value (EV) of the investment in the stock, we can use the following formula for investments:

\[ 
EV = (probability \, of \, gain \times profit) - (probability \, of \, loss \times cost) 
\]

Given:
- Probability of gain = 60% = 0.6
- Profit if gain = 10% of $50,000 = $5,000
- Probability of loss = 40% = 0.4
- Cost if loss = 5% of $50,000 = $2,500

Now, substituting these values into the EV formula:

\[
EV = (0.6 \times 5000) - (0.4 \times 2500)
\]

Calculating each part:

1. \( 0.6 \times 5000 = 3000 \)
2. \( 0.4 \times 2500 = 1000 \)

Now, substituting back into the EV formula:

\[
EV = 3000 - 1000 = 2000
\]

Since the expected value is greater than 0, the investment is favorable.

**Answer: $50,000**"
3,2,"Stock has 60% chance of +10% return, 40% chance of -5% return. Investment amount with $50,000?","To calculate the expected value (EV) of the investment, we can use the formula for investments:

\[ 
EV = (probability \, of \, profit \times profit \, amount) - (probability \, of \, loss \times loss \, amount) 
\]

In this case:

- Probability of profit: 60% or 0.6
- Profit amount: 10% of $50,000 = $5,000
- Probability of loss: 40% or 0.4
- Loss amount: 5% of $50,000 = $2,500

Now, substituting these values into the formula:

\[
EV = (0.6 \times 5000) - (0.4 \times 2500) 
\]

Calculating each part:

\[
EV = (3000) - (1000) 
\]

\[
EV = 2000 
\]

Since the expected value is positive ($2,000), it indicates that the investment is favorable.

Thus, the investment amount with $50,000 is:

**$50,000** 

(reason: the expected value is positive)."
4,1,"Coin flip game: 52% heads probability, even money odds. Bankroll $25,000. Optimal bet size?","To determine the optimal bet size for the coin flip game, we can use the Kelly Criterion formula for bets:

\[ 
\text{Kelly Fraction} = \frac{bp - q}{b} 
\]

where:
- \( b \) is the odds received on the wager (even money odds, so \( b = 1 \)),
- \( p \) is the probability of winning (52% or 0.52),
- \( q \) is the probability of losing (1 - 0.52 = 0.48).

Plugging in the values:

\[ 
\text{Kelly Fraction} = \frac{1 \times 0.52 - 0.48}{1} = 0.04 
\]

The Kelly Criterion suggests that you should bet 4% of your bankroll. 

Given the bankroll of $25,000:

\[ 
\text{Optimal Bet Size} = 0.04 \times 25,000 = 1,000 
\]

Thus, the optimal bet size is **$1,000**."
4,2,"Coin flip game: 52% heads probability, even money odds. Bankroll $25,000. Optimal bet size?","To calculate the optimal bet size for the coin flip game using the Kelly Criterion, we can use the following formula:

\[ \text{Bet Size} = \frac{bp - q}{b} \times \text{Bankroll} \]

Where:
- \( b \) is the odds (even money means \( b = 1 \)).
- \( p \) is the probability of winning (52% or 0.52).
- \( q \) is the probability of losing (1 - 0.52 = 0.48).
- The bankroll is $25,000.

Plugging in the values:

\[ \text{Bet Size} = \frac{(1 \times 0.52) - 0.48}{1} \times 25,000 \]

Calculating the numerator:

\[ 0.52 - 0.48 = 0.04 \]

Now, the bet size:

\[ \text{Bet Size} = 0.04 \times 25,000 = 1,000 \]

Thus, the optimal bet size is:

**$1,000** 

This is the amount to bet according to the Kelly Criterion."
5,1,"Poker tournament entry $1,000, 20% chance to win $8,000. Should you enter?","To determine whether to enter the poker tournament, we need to calculate the expected value (EV) of the entry.

1. **Calculate the expected value:**
   - Probability of winning: 20% or 0.20
   - Payout if you win: $8,000
   - Probability of losing: 80% or 0.80
   - Cost to enter: $1,000

   Using the formula for expected value for bets:
   \[
   EV = (probability \, of \, win \times payout) - (probability \, of \, loss \times bet \, amount)
   \]
   \[
   EV = (0.20 \times 8000) - (0.80 \times 1000)
   \]
   \[
   EV = (1600) - (800)
   \]
   \[
   EV = 800
   \]

2. **Apply practical constraints:**
   Since the expected value is positive ($800), it indicates that entering the tournament is a profitable opportunity.

3. **Final decision:**
   Since EV > 0, I would enter the tournament.

**Answer:** Enter the tournament for $1,000."
5,2,"Poker tournament entry $1,000, 20% chance to win $8,000. Should you enter?","To determine whether to enter the poker tournament, we need to calculate the expected value (EV) of the entry.

1. **Calculate the expected value:**
   - Probability of winning = 20% = 0.2
   - Payout if you win = $8,000
   - Probability of losing = 80% = 0.8
   - Cost of entry = $1,000

   Using the formula for expected value for bets:
   \[
   EV = (probability \, of \, win \times payout) - (probability \, of \, loss \times bet \, amount)
   \]
   \[
   EV = (0.2 \times 8000) - (0.8 \times 1000)
   \]
   \[
   EV = (1600) - (800)
   \]
   \[
   EV = 800
   \]

2. **Apply practical constraints:**
   - Since the expected value is positive ($800), it indicates a profitable opportunity.

3. **Final answer:**
   - Enter the tournament for $1,000.

**Answer:** Yes, enter for $1,000."
6,1,"How can I make money quickly with $1,000?","Here are some ways you can potentially make money quickly with $1,000:

1. **Stock Trading**: 
   - Engage in short-term trading strategies such as day trading or swing trading. 
   - Focus on volatile stocks or ETFs to capitalize on price movements.
   - Be aware of the risks and ensure you have a solid understanding of market trends.

2. **Cryptocurrency Trading**:
   - Invest in cryptocurrencies with high volatility like Bitcoin or Ethereum.
   - Use platforms that allow for quick trades and monitor the market closely.
   - Be cautious of the high risks involved in crypto trading.

3. **Peer-to-Peer Lending**:
   - Use platforms like LendingClub or Prosper to lend money to individuals or small businesses.
   - Choose loans with higher interest rates for better returns, but assess the risk of default.

4. **Freelancing**:
   - Offer services online in areas like graphic design, writing, or programming.
   - Use platforms like Upwork or Fiverr to find clients quickly.
   - Leverage your skills to complete projects and earn money rapidly.

5. **Flipping Items**:
   - Buy items at a discount from thrift stores, garage sales, or online marketplaces.
   - Resell them at a higher price"
6,2,"How can I make money quickly with $1,000?","Here are some ideas to potentially make money quickly with $1,000:

1. **Stock Trading**: Engage in day trading or swing trading with stocks. Research and identify stocks with high volatility and potential for quick gains. Remember, this carries significant risk.

2. **Cryptocurrency Trading**: Invest in cryptocurrencies with high volatility. Use platforms that allow for quick transactions. The crypto market operates 24/7, offering opportunities for rapid gains.

3. **Peer-to-Peer Lending**: Use platforms like LendingClub or Prosper to lend money to individuals or small businesses. You can earn interest on your loans, which can provide quick returns.

4. **Retail Arbitrage**: Buy discounted products from retailers or online marketplaces and sell them at a higher price on platforms like eBay or Amazon.

5. **Gig Economy**: Use your skills to offer services on platforms like Fiverr or Upwork. Whether it's graphic design, writing, or programming, you can earn money quickly by completing gigs.

6. **Options Trading**: Trade options contracts to leverage your investment. This can lead to significant returns, but it's important to understand the risks involved.

7. **Real Estate Wholesaling**: Use your funds to secure a property under contract and sell the contract to"
7,1,"What's the safest way to invest $100,000?","Investing $100,000 safely depends on your risk tolerance, investment goals, and time horizon. If safety is your primary concern, here are some options that are generally considered low-risk:

1. **High-Yield Savings Accounts**: 
   - **Pros**: FDIC-insured up to $250,000, providing security for your funds. Easy access to your money.
   - **Cons**: Lower returns compared to other investments.

2. **Certificates of Deposit (CDs)**:
   - **Pros**: FDIC-insured up to $250,000. Fixed interest rates, providing predictable returns.
   - **Cons**: Early withdrawal penalties if you need access to your money before the term ends.

3. **U.S. Treasury Securities**:
   - **Pros**: Backed by the U.S. government, making them one of the safest investments. Options include T-bills, T-notes, and T-bonds.
   - **Cons**: Lower returns compared to stocks or real estate.

4. **Fixed Annuities**:
   - **Pros**: Provide guaranteed income over a specified period. Can be a good option for retirees.
   - **Cons**: Limited liquidity and potential fees.

5."
7,2,"What's the safest way to invest $100,000?","Investing $100,000 with a focus on safety typically involves a diversified approach to minimize risk. Hereâ€™s a strategy that emphasizes safety:

1. **High-Yield Savings Account or Money Market Account**: 
   - **Allocation**: $20,000
   - These accounts offer liquidity and are FDIC insured up to $250,000, providing a safe place to earn interest.

2. **Certificates of Deposit (CDs)**:
   - **Allocation**: $20,000
   - Consider laddering CDs (e.g., 1-year, 2-year, 3-year) to take advantage of higher interest rates while maintaining some liquidity.

3. **U.S. Treasury Securities**:
   - **Allocation**: $30,000
   - Invest in short to medium-term Treasury bonds or notes. They are backed by the U.S. government and considered very safe.

4. **Diversified Bond Funds or ETFs**:
   - **Allocation**: $20,000
   - Choose funds that have a mix of government and high-quality corporate bonds to spread risk.

5. **Dividend-Paying Blue-Chip Stocks**:
   - **Allocation**: $10,000
   - Invest in a diversified portfolio of"
8,1,Should I take out a loan to invest in cryptocurrency?,"Taking out a loan to invest in cryptocurrency involves several risks and considerations. Here are some key points to help you make an informed decision:

1. **Volatility**: Cryptocurrencies are highly volatile, and prices can fluctuate dramatically in short periods. This means your investment could lose significant value quickly.

2. **Debt Risk**: Using borrowed money means you are obligated to repay the loan regardless of the investment outcome. If the investment does not perform well, you could end up in financial trouble.

3. **Interest and Fees**: Loans come with interest and potentially other fees, which can add to the cost of the investment. This increases the pressure to achieve returns that exceed these costs.

4. **Regulatory Environment**: The cryptocurrency market is subject to regulatory changes, which can impact market prices and the ability to trade.

5. **Diversification**: Investing in cryptocurrency should be part of a diversified investment strategy. Relying solely on crypto can increase your risk exposure.

6. **Financial Stability**: Consider your current financial situation. If you have existing debts or lack an emergency fund, taking on additional debt for investment purposes may not be prudent.

7. **Investment Knowledge**: Ensure you have a strong understanding of the cryptocurrency market and the specific assets you"
8,2,Should I take out a loan to invest in cryptocurrency?,"Investing in cryptocurrency using a loan is generally considered a high-risk strategy. Here are some key points to consider:

1. **Volatility**: Cryptocurrencies are highly volatile, and their prices can fluctuate significantly in a short period. This means that the value of your investment could decrease rapidly, potentially resulting in a loss.

2. **Interest Rates**: Loans come with interest, which means you will need to earn a return on your investment that exceeds the cost of borrowing. If the cryptocurrency investment does not perform as expected, you could end up owing more than you invested.

3. **Market Uncertainty**: The cryptocurrency market is still relatively young and can be influenced by regulatory changes, market sentiment, and technological developments. This adds an additional layer of uncertainty to your investment.

4. **Financial Health**: Taking on debt to invest can impact your financial stability. If you are unable to repay the loan, it could lead to financial difficulties.

5. **Alternative Options**: Consider other investment opportunities that may align better with your risk tolerance and financial goals. Diversifying your investments can help mitigate risk.

Given these considerations, it is generally advisable to avoid taking out a loan to invest in cryptocurrency. If you are interested in investing in cryptocurrencies, it is better to"
